DROP TABLE works;
DROP TABLE hasskill;
DROP TABLE PERSON;

CREATE TABLE PERSON
(
    Personid number(10),
    Name VARCHAR(50),
    address varchar(100),
    email varchar(50) check (email like '%@%'),
    gender varchar(1)check (gender in('M','F')),
    phonenum varchar(12) check (phonenum like '%%%-%%%-%%%%'),
	unique (personid)
);

CREATE TABLE works
(
	perid number(3),
	werkid number(3),
	constraint personfk1 FOREIGN KEY (perid)
 	References person(personid));
CREATE TABLE hasskill
(
	persid number(3),
	sid number(3),
	constraint personfk FOREIGN KEY (persid)References person(personid));

INSERT INTO person VALUES (1, 'Matthew', '9256 Jeff Davis Parkway', 'Matthew19@google.com', 'M', '581-675-8454');
INSERT INTO person VALUES (2, 'Veronica', '4587 Poydras Street', 'Veronica20@yahoo.com', 'F', '989-943-9814');
INSERT INTO person VALUES (3, 'Patrick', '12487 St. Claude Avenue', 'Patrick39@google.com', 'M', '299-133-2425');
INSERT INTO person VALUES (4, 'Jondrielle', '16497 Magnolia Street', 'Jondrielle22@yahoo.com', 'F', '263-376-7519');
INSERT INTO person VALUES (5, 'Mark', '13705 Frenchmen Street', 'Mark12@outlook.com', 'M', '214-916-0582');
INSERT INTO person VALUES (6, 'Sarah', '444 Rampart Street', 'Sarah26@google.com', 'M', '582-275-9049');
INSERT INTO person VALUES (7, 'Joseph', '6073 Dauphine Street', 'Joseph8@google.com', 'F', '144-267-2288');
INSERT INTO person VALUES (8, 'Mikolas', '1424 Canal Street', 'Mikolas7@yahoo.com', 'M', '043-794-2734');
INSERT INTO person VALUES (9, 'Roy', '1930 Orleans Street', 'Roy27@google.com', 'M', '467-210-0787');
INSERT INTO person VALUES (10, 'Joshua', '14886 Oak Street', 'Joshua10@outlook.com', 'F', '026-217-2545');
INSERT INTO person VALUES (11, 'Tre', '15266 Camp Street', 'Tre36@google.com', 'F', '768-904-4715');
INSERT INTO person VALUES (12, 'Viet', '9952 Jackson Avenue', 'Viet12@outlook.com', 'F', '772-866-8606');
INSERT INTO person VALUES (13, 'Sarah', '1548 Gentilly Boulevard', 'Sarah38@outlook.com', 'M', '295-525-6654');
INSERT INTO person VALUES (14, 'Thanh', '7387 Lafayette Street', 'Thanh12@google.com', 'M', '796-111-8923');
INSERT INTO person VALUES (15, 'Nicholas', '2761 Esplanade Avenue', 'Nicholas6@yahoo.com', 'F', '864-631-5540');
INSERT INTO person VALUES (16, 'Jondrielle', '5458 Pontchartrain Expressway', 'Jondrielle35@yahoo.com', 'M', '845-456-6659');
INSERT INTO person VALUES (17, 'Joshua', '17460 Pontchartrain Expressway', 'Joshua11@yahoo.com', 'F', '868-089-7060');
INSERT INTO person VALUES (18, 'Jondrielle', '4141 Bayou Road', 'Jondrielle12@outlook.com', 'M', '334-914-7886');
INSERT INTO person VALUES (19, 'Sean', '9624 Upperline Street', 'Sean40@outlook.com', 'M', '205-112-9850');
INSERT INTO person VALUES (20, 'Pablo', '525 Bayou Road', 'Pablo22@google.com', 'M', '896-563-3116');
INSERT INTO person VALUES (21, 'Matthew', '19552 Gravier Street', 'Matthew20@yahoo.com', 'F', '005-016-2166');
INSERT INTO person VALUES (22, 'Roy', '4511 St. Louis Street', 'Roy36@google.com', 'M', '068-139-5560');
INSERT INTO person VALUES (23, 'Tre', '3836 Orleans Street', 'Tre2@yahoo.com', 'M', '657-081-0085');
INSERT INTO person VALUES (24, 'Joshua', '7051 Julia Street', 'Joshua28@yahoo.com', 'M', '154-107-4920');
INSERT INTO person VALUES (25, 'Kevin', '5395 Tchoupitoulas Street', 'Kevin37@google.com', 'M', '744-222-2958');
INSERT INTO person VALUES (26, 'Kevin', '7198 Basin Street', 'Kevin35@yahoo.com', 'M', '833-809-9234');
INSERT INTO person VALUES (27, 'Thanh', '5563 Freret Street', 'Thanh12@google.com', 'M', '593-712-7907');
INSERT INTO person VALUES (28, 'Joshua', '12851 Royal Street', 'Joshua19@yahoo.com', 'F', '073-475-7343');
INSERT INTO person VALUES (29, 'Pablo', '6371 Martin Luther King Jr. Boulevard', 'Pablo18@yahoo.com', 'M', '965-075-7176');
INSERT INTO person VALUES (30, 'Nicholas', '13692 Peters Street', 'Nicholas17@yahoo.com', 'F', '755-040-6607');
INSERT INTO person VALUES (31, 'Sauryha', '7444 Prytania Street', 'Sauryha6@google.com', 'M', '325-622-6127');
INSERT INTO person VALUES (32, 'Nicholas', '10974 Julia Street', 'Nicholas5@outlook.com', 'F', '709-077-9297');
INSERT INTO person VALUES (33, 'Truc', '17405 Pearl Street', 'Truc27@yahoo.com', 'M', '412-139-8168');
INSERT INTO person VALUES (34, 'Sean', '3289 Oak Street', 'Sean37@yahoo.com', 'M', '959-048-6376');
INSERT INTO person VALUES (35, 'Tre', '2411 Howard Avenue', 'Tre35@outlook.com', 'F', '293-839-5358');
INSERT INTO person VALUES (36, 'Nicholas', '15293 Calliope Street', 'Nicholas16@outlook.com', 'M', '658-189-4251');
INSERT INTO person VALUES (37, 'Ricardo', '3571 Freret Street', 'Ricardo3@google.com', 'F', '206-777-4250');
INSERT INTO person VALUES (38, 'Stephen', '2452 Tchoupitoulas Street', 'Stephen1@outlook.com', 'F', '961-210-5453');
INSERT INTO person VALUES (39, 'Thanh', '18710 Jackson Avenue', 'Thanh27@google.com', 'F', '384-404-9845');
INSERT INTO person VALUES (40, 'Pablo', '9323 St. Peter Street', 'Pablo24@google.com', 'F', '226-397-5388');
INSERT INTO person VALUES (41, 'Truc', '18085 Toulouse Street', 'Truc29@yahoo.com', 'M', '532-371-5754');
INSERT INTO person VALUES (42, 'Patrick', '8153 Jeff Davis Parkway', 'Patrick15@google.com', 'F', '374-030-3045');
INSERT INTO person VALUES (43, 'Sean', '13016 Freret Street', 'Sean34@outlook.com', 'F', '244-241-0037');
INSERT INTO person VALUES (44, 'Patrick', '16572 Claiborne Avenue', 'Patrick7@google.com', 'F', '722-375-3183');
INSERT INTO person VALUES (45, 'Tommy', '9103 Poydras Street', 'Tommy28@yahoo.com', 'F', '378-992-9497');
INSERT INTO person VALUES (46, 'Ricardo', '3766 Freret Street', 'Ricardo38@google.com', 'F', '448-781-9074');
INSERT INTO person VALUES (47, 'Sean', '7990 Elysian Fields Avenue', 'Sean14@google.com', 'M', '569-322-0143');
INSERT INTO person VALUES (48, 'Tommy', '12149 St. Philip Street', 'Tommy39@outlook.com', 'M', '433-461-9330');
INSERT INTO person VALUES (49, 'Shayna', '11961 Gentilly Boulevard', 'Shayna24@yahoo.com', 'F', '098-239-3895');
INSERT INTO person VALUES (50, 'Truc', '11020 Jackson Avenue', 'Truc37@outlook.com', 'F', '104-581-7108');
INSERT INTO works VALUES (1, 66);
INSERT INTO works VALUES (1, 44);
INSERT INTO works VALUES (1, 87);
INSERT INTO works VALUES (2, NULL);
INSERT INTO works VALUES (3, NULL);
INSERT INTO works VALUES (4, NULL);
INSERT INTO works VALUES (5, NULL);
INSERT INTO works VALUES (6, NULL);
INSERT INTO works VALUES (7, 29);
INSERT INTO works VALUES (7, 14);
INSERT INTO works VALUES (7, 45);
INSERT INTO works VALUES (8, 38);
INSERT INTO works VALUES (8, 9);
INSERT INTO works VALUES (8, 96);
INSERT INTO works VALUES (9, 68);
INSERT INTO works VALUES (9, 3);
INSERT INTO works VALUES (10, NULL);
INSERT INTO works VALUES (11, 86);
INSERT INTO works VALUES (11, 59);
INSERT INTO works VALUES (11, 22);
INSERT INTO works VALUES (11, 90);
INSERT INTO works VALUES (12, 97);
INSERT INTO works VALUES (12, 67);
INSERT INTO works VALUES (12, 44);
INSERT INTO works VALUES (13, 29);
INSERT INTO works VALUES (14, 51);
INSERT INTO works VALUES (14, 59);
INSERT INTO works VALUES (15, NULL);
INSERT INTO works VALUES (16, 69);
INSERT INTO works VALUES (16, 85);
INSERT INTO works VALUES (16, 57);
INSERT INTO works VALUES (17, 24);
INSERT INTO works VALUES (17, 81);
INSERT INTO works VALUES (18, 20);
INSERT INTO works VALUES (19, 80);
INSERT INTO works VALUES (19, 72);
INSERT INTO works VALUES (19, 49);
INSERT INTO works VALUES (20, 95);
INSERT INTO works VALUES (21, 48);
INSERT INTO works VALUES (21, 24);
INSERT INTO works VALUES (22, 61);
INSERT INTO works VALUES (22, 97);
INSERT INTO works VALUES (22, 100);
INSERT INTO works VALUES (23, 43);
INSERT INTO works VALUES (24, 5);
INSERT INTO works VALUES (24, 62);
INSERT INTO works VALUES (25, 87);
INSERT INTO works VALUES (25, 16);
INSERT INTO works VALUES (26, 6);
INSERT INTO works VALUES (26, 91);
INSERT INTO works VALUES (26, 85);
INSERT INTO works VALUES (26, 68);
INSERT INTO works VALUES (27, 68);
INSERT INTO works VALUES (27, 22);
INSERT INTO works VALUES (27, 51);
INSERT INTO works VALUES (27, 27);
INSERT INTO works VALUES (28, NULL);
INSERT INTO works VALUES (29, 92);
INSERT INTO works VALUES (29, 64);
INSERT INTO works VALUES (29, 81);
INSERT INTO works VALUES (29, 90);
INSERT INTO works VALUES (30, NULL);
INSERT INTO works VALUES (31, NULL);
INSERT INTO works VALUES (32, 13);
INSERT INTO works VALUES (32, 53);
INSERT INTO works VALUES (33, 23);
INSERT INTO works VALUES (33, 58);
INSERT INTO works VALUES (33, 27);
INSERT INTO works VALUES (34, 99);
INSERT INTO works VALUES (34, 27);
INSERT INTO works VALUES (34, 3);
INSERT INTO works VALUES (35, NULL);
INSERT INTO works VALUES (36, NULL);
INSERT INTO works VALUES (37, 56);
INSERT INTO works VALUES (37, 2);
INSERT INTO works VALUES (38, 45);
INSERT INTO works VALUES (38, 15);
INSERT INTO works VALUES (39, 62);
INSERT INTO works VALUES (40, 10);
INSERT INTO works VALUES (40, 6);
INSERT INTO works VALUES (40, 34);
INSERT INTO works VALUES (41, 59);
INSERT INTO works VALUES (41, 23);
INSERT INTO works VALUES (42, NULL);
INSERT INTO works VALUES (43, NULL);
INSERT INTO works VALUES (44, 16);
INSERT INTO works VALUES (44, 77);
INSERT INTO works VALUES (44, 19);
INSERT INTO works VALUES (45, 54);
INSERT INTO works VALUES (45, 98);
INSERT INTO works VALUES (46, 39);
INSERT INTO works VALUES (47, 23);
INSERT INTO works VALUES (48, NULL);
INSERT INTO works VALUES (49, 19);
INSERT INTO works VALUES (49, 53);
INSERT INTO works VALUES (49, 8);
INSERT INTO works VALUES (50, NULL);
INSERT INTO hasskill VALUES (1, 15);
INSERT INTO hasskill VALUES (1, 17);
INSERT INTO hasskill VALUES (1, 2);
INSERT INTO hasskill VALUES (2, 6);
INSERT INTO hasskill VALUES (2, 2);
INSERT INTO hasskill VALUES (2, 5);
INSERT INTO hasskill VALUES (2, 1);
INSERT INTO hasskill VALUES (3, 9);
INSERT INTO hasskill VALUES (3, 18);
INSERT INTO hasskill VALUES (3, 6);
INSERT INTO hasskill VALUES (4, 4);
INSERT INTO hasskill VALUES (4, 9);
INSERT INTO hasskill VALUES (4, 20);
INSERT INTO hasskill VALUES (4, 7);
INSERT INTO hasskill VALUES (5, 11);
INSERT INTO hasskill VALUES (5, 8);
INSERT INTO hasskill VALUES (6, 17);
INSERT INTO hasskill VALUES (6, 21);
INSERT INTO hasskill VALUES (6, 9);
INSERT INTO hasskill VALUES (7, 11);
INSERT INTO hasskill VALUES (7, 10);
INSERT INTO hasskill VALUES (8, 6);
INSERT INTO hasskill VALUES (8, 11);
INSERT INTO hasskill VALUES (9, 14);
INSERT INTO hasskill VALUES (9, 12);
INSERT INTO hasskill VALUES (9, 14);
INSERT INTO hasskill VALUES (9, 12);
INSERT INTO hasskill VALUES (10, 1);
INSERT INTO hasskill VALUES (10, 3);
INSERT INTO hasskill VALUES (10, 11);
INSERT INTO hasskill VALUES (11, 11);
INSERT INTO hasskill VALUES (11, 3);
INSERT INTO hasskill VALUES (11, 3);
INSERT INTO hasskill VALUES (11, 17);
INSERT INTO hasskill VALUES (12, 17);
INSERT INTO hasskill VALUES (12, 6);
INSERT INTO hasskill VALUES (12, 1);
INSERT INTO hasskill VALUES (13, 3);
INSERT INTO hasskill VALUES (13, 20);
INSERT INTO hasskill VALUES (13, 19);
INSERT INTO hasskill VALUES (14, 14);
INSERT INTO hasskill VALUES (14, 11);
INSERT INTO hasskill VALUES (14, 5);
INSERT INTO hasskill VALUES (15, 2);
INSERT INTO hasskill VALUES (15, 16);
INSERT INTO hasskill VALUES (15, 6);
INSERT INTO hasskill VALUES (15, 20);
INSERT INTO hasskill VALUES (16, 18);
INSERT INTO hasskill VALUES (16, 3);
INSERT INTO hasskill VALUES (16, 21);
INSERT INTO hasskill VALUES (16, 18);
INSERT INTO hasskill VALUES (17, 5);
INSERT INTO hasskill VALUES (18, 18);
INSERT INTO hasskill VALUES (18, 1);
INSERT INTO hasskill VALUES (19, 19);
INSERT INTO hasskill VALUES (19, 12);
INSERT INTO hasskill VALUES (19, 7);
INSERT INTO hasskill VALUES (20, 12);
INSERT INTO hasskill VALUES (21, 20);
INSERT INTO hasskill VALUES (21, 8);
INSERT INTO hasskill VALUES (21, 8);
INSERT INTO hasskill VALUES (22, 20);
INSERT INTO hasskill VALUES (23, 3);
INSERT INTO hasskill VALUES (23, 5);
INSERT INTO hasskill VALUES (23, 14);
INSERT INTO hasskill VALUES (23, 11);
INSERT INTO hasskill VALUES (24, 20);
INSERT INTO hasskill VALUES (25, 6);
INSERT INTO hasskill VALUES (25, 13);
INSERT INTO hasskill VALUES (25, 7);
INSERT INTO hasskill VALUES (26, 1);
INSERT INTO hasskill VALUES (27, 7);
INSERT INTO hasskill VALUES (27, 2);
INSERT INTO hasskill VALUES (28, 9);
INSERT INTO hasskill VALUES (28, 5);
INSERT INTO hasskill VALUES (28, 16);
INSERT INTO hasskill VALUES (29, 6);
INSERT INTO hasskill VALUES (29, 5);
INSERT INTO hasskill VALUES (29, 9);
INSERT INTO hasskill VALUES (30, 15);
INSERT INTO hasskill VALUES (31, 9);
INSERT INTO hasskill VALUES (32, 11);
INSERT INTO hasskill VALUES (32, 20);
INSERT INTO hasskill VALUES (33, 19);
INSERT INTO hasskill VALUES (33, 16);
INSERT INTO hasskill VALUES (34, 10);
INSERT INTO hasskill VALUES (34, 16);
INSERT INTO hasskill VALUES (34, 10);
INSERT INTO hasskill VALUES (35, 5);
INSERT INTO hasskill VALUES (35, 19);
INSERT INTO hasskill VALUES (35, 17);
INSERT INTO hasskill VALUES (36, 19);
INSERT INTO hasskill VALUES (36, 19);
INSERT INTO hasskill VALUES (36, 15);
INSERT INTO hasskill VALUES (37, 14);
INSERT INTO hasskill VALUES (37, 8);
INSERT INTO hasskill VALUES (37, 2);
INSERT INTO hasskill VALUES (38, 18);
INSERT INTO hasskill VALUES (38, 1);
INSERT INTO hasskill VALUES (39, 1);
INSERT INTO hasskill VALUES (39, 8);
INSERT INTO hasskill VALUES (39, 16);
INSERT INTO hasskill VALUES (40, 3);
INSERT INTO hasskill VALUES (40, 13);
INSERT INTO hasskill VALUES (40, 14);
INSERT INTO hasskill VALUES (40, 11);
INSERT INTO hasskill VALUES (41, 7);
INSERT INTO hasskill VALUES (41, 20);
INSERT INTO hasskill VALUES (42, 15);
INSERT INTO hasskill VALUES (42, 10);
INSERT INTO hasskill VALUES (42, 12);
INSERT INTO hasskill VALUES (42, 2);
INSERT INTO hasskill VALUES (43, 2);
INSERT INTO hasskill VALUES (43, 12);
INSERT INTO hasskill VALUES (43, 21);
INSERT INTO hasskill VALUES (43, 17);
INSERT INTO hasskill VALUES (44, 1);
INSERT INTO hasskill VALUES (44, 8);
INSERT INTO hasskill VALUES (44, 20);
INSERT INTO hasskill VALUES (44, 1);
INSERT INTO hasskill VALUES (45, 16);
INSERT INTO hasskill VALUES (45, 7);
INSERT INTO hasskill VALUES (46, 3);
INSERT INTO hasskill VALUES (47, 8);
INSERT INTO hasskill VALUES (47, 3);
INSERT INTO hasskill VALUES (47, 7);
INSERT INTO hasskill VALUES (48, 1);
INSERT INTO hasskill VALUES (49, 1);
INSERT INTO hasskill VALUES (49, 18);
INSERT INTO hasskill VALUES (50, 12);
INSERT INTO hasskill VALUES (50, 17);
INSERT INTO hasskill VALUES (50, 13);
